<grammar version="1.0" xml:lang="fr-FR" mode="voice"  root="ruleclientManager" xmlns="http://www.w3.org/2001/06/grammar" tag-format="semantics/1.0">

  <rule id="ruleclientManager">
    <tag>out.action=new Object()</tag>
	
	 <item>Sarah</item>
	 
	 <one-of>
      <item>ferme la connection avec le serveur<tag>out.action.command="closeSocket";out.action._attributes.tts="D'accord."</tag></item>
      <item>connecte-toi au serveur<tag>out.action.command="openSocket";out.action._attributes.tts="D'accord."</tag></item>
   
	  <item>mode communication<tag>out.action.command="intercom";out.action._attributes.tts="je t'écoute."</tag></item>
	  <item>intercom<tag>out.action.command="intercom";out.action._attributes.tts="je t'écoute."</tag></item>
   </one-of>
   
   
   <item repeat="0-1">
		<one-of>
			<item>avec</item>
			<item>dans</item>
			<item>toutes</item>
			<item>toute</item>
			<item>tout</item>
			<item>tous</item>
		</one-of>
	</item>
   
   
   <item repeat="0-1">
		<one-of>
			<item>le</item>
			<item>la</item>
			<item>les</item>
		</one-of>
	</item>
   
   <item repeat="0-1">
		<one-of>
			<item>pièces<tag>out.action.room="all";out.action._attributes.tts="je m'en occupe"</tag></item>
			<item>salon<tag>out.action.room="Salon";out.action._attributes.tts="je m'en occupe"</tag></item>
			<item>cuisine<tag>out.action.room="Cuisine";out.action._attributes.tts="je m'en occupe"</tag></item>
			<item>chambre<tag>out.action.room="Chambre";out.action._attributes.tts="je m'en occupe"</tag></item>
		</one-of>
	</item>

    <tag>out.action._attributes.uri="http://127.0.0.1:8080/sarah/clientManager"</tag>
  </rule>
</grammar>
