<grammar version="1.0" xml:lang="fr-FR" mode="voice"  root="ruleclientManager" xmlns="http://www.w3.org/2001/06/grammar" tag-format="semantics/1.0">

  <rule id="ruleclientManager">
    <tag>out.action=new Object()</tag>
	 <item>Sarah</item>
	 <one-of>
      <item>ferme la connexion avec le serveur<tag>out.action.command="closeSocket";out.action._attributes.tts="D'accord."</tag></item>
      <item>connecte-toi au serveur<tag>out.action.command="openSocket";out.action._attributes.tts="D'accord."</tag></item>
	
	  <item>tu es connecté au serveur<tag>out.action.command="isConnected"</tag></item>
   
	  <item>Ferme la connexion<tag>out.action.command="doAction";out.action.jsaction="actions";out.action.plugin="clientManager";out.action.remoteCmd="unicode";out.action.options="command=closeSocket";out.action._attributes.tts="D'accord."</tag></item>
	  <item>redémarre<tag>out.action.command="doAction";out.action.jsaction="actions";out.action.plugin="clientManager";out.action.remoteCmd="unicode";out.action.options="command=restartClients~_attributes.tts=Je redémarre.";out.action._attributes.tts="D'accord."</tag></item>	
	  
	  <item>mode communication<tag>out.action.command="intercom";out.action._attributes.tts="je t'écoute."</tag></item>
	  <item>intercom<tag>out.action.command="intercom";out.action._attributes.tts="je t'écoute."</tag></item>
   </one-of>
   
   <!-- La suite ne sert que pour les command=doAction et l'intercom pour préciser la pièce avec laquelle on veut faire quelque chose
		intercom 							-> toutes les pièces
		intercom dans toutes les pièces 	-> toutes les pièces
		intercom avec la Chambre			-> avec la pièce Chambre
		redémarre tous les clients			-> toutes les clients
		Ferme la connexion de la chambre    -> avec le client Chambre
   -->
   <item repeat="0-1">
		<one-of>
			<item>avec</item>
			<item>dans</item>
			<item>de</item>
		</one-of>
	</item>
	
	<item repeat="0-1">
		<item>toutes</item>
		<item>toute</item>
		<item>tout</item>
		<item>tous</item>
	</item>
   
   <item repeat="0-1">
		<one-of>
			<item>le</item>
			<item>la</item>
			<item>les</item>
		</one-of>
	</item>
   
   <item repeat="0-1">
		<one-of>
			<item>clients<tag>out.action.room="all"</tag></item>
			<item>pièces<tag>out.action.room="all"</tag></item>
			<item>salon<tag>out.action.room="Salon"</tag></item>
			<item>cuisine<tag>out.action.room="Cuisine"</tag></item>
			<item>chambre<tag>out.action.room="Chambre"</tag></item>
		</one-of>
	</item>

    <tag>out.action._attributes.uri="http://127.0.0.1:8080/sarah/clientManager"</tag>
  </rule>
</grammar>
